group,source,factor_id,name,expression
alpha158,qlib_alpha158,a158_beta10,Alpha158_趋势斜率10日,"Slope($close, 10)/$close"
alpha158,qlib_alpha158,a158_beta20,Alpha158_趋势斜率20日,"Slope($close, 20)/$close"
alpha158,qlib_alpha158,a158_beta30,Alpha158_趋势斜率30日,"Slope($close, 30)/$close"
alpha158,qlib_alpha158,a158_beta5,Alpha158_趋势斜率5日,"Slope($close, 5)/$close"
alpha158,qlib_alpha158,a158_beta60,Alpha158_趋势斜率60日,"Slope($close, 60)/$close"
alpha158,qlib_alpha158,a158_cntd10,Alpha158_涨跌差10日,"Mean($close>Ref($close, 1), 10)-Mean($close<Ref($close, 1), 10)"
alpha158,qlib_alpha158,a158_cntd20,Alpha158_涨跌差20日,"Mean($close>Ref($close, 1), 20)-Mean($close<Ref($close, 1), 20)"
alpha158,qlib_alpha158,a158_cntd30,Alpha158_涨跌差30日,"Mean($close>Ref($close, 1), 30)-Mean($close<Ref($close, 1), 30)"
alpha158,qlib_alpha158,a158_cntd5,Alpha158_涨跌差5日,"Mean($close>Ref($close, 1), 5)-Mean($close<Ref($close, 1), 5)"
alpha158,qlib_alpha158,a158_cntd60,Alpha158_涨跌差60日,"Mean($close>Ref($close, 1), 60)-Mean($close<Ref($close, 1), 60)"
alpha158,qlib_alpha158,a158_cntn10,Alpha158_下跌比例10日,"Mean($close<Ref($close, 1), 10)"
alpha158,qlib_alpha158,a158_cntn20,Alpha158_下跌比例20日,"Mean($close<Ref($close, 1), 20)"
alpha158,qlib_alpha158,a158_cntn30,Alpha158_下跌比例30日,"Mean($close<Ref($close, 1), 30)"
alpha158,qlib_alpha158,a158_cntn5,Alpha158_下跌比例5日,"Mean($close<Ref($close, 1), 5)"
alpha158,qlib_alpha158,a158_cntn60,Alpha158_下跌比例60日,"Mean($close<Ref($close, 1), 60)"
alpha158,qlib_alpha158,a158_cntp10,Alpha158_上涨比例10日,"Mean($close>Ref($close, 1), 10)"
alpha158,qlib_alpha158,a158_cntp20,Alpha158_上涨比例20日,"Mean($close>Ref($close, 1), 20)"
alpha158,qlib_alpha158,a158_cntp30,Alpha158_上涨比例30日,"Mean($close>Ref($close, 1), 30)"
alpha158,qlib_alpha158,a158_cntp5,Alpha158_上涨比例5日,"Mean($close>Ref($close, 1), 5)"
alpha158,qlib_alpha158,a158_cntp60,Alpha158_上涨比例60日,"Mean($close>Ref($close, 1), 60)"
alpha158,qlib_alpha158,a158_cord10,Alpha158_涨跌量相关10日,"Corr($close/Ref($close,1), Log($volume/Ref($volume, 1)+1), 10)"
alpha158,qlib_alpha158,a158_cord20,Alpha158_涨跌量相关20日,"Corr($close/Ref($close,1), Log($volume/Ref($volume, 1)+1), 20)"
alpha158,qlib_alpha158,a158_cord30,Alpha158_涨跌量相关30日,"Corr($close/Ref($close,1), Log($volume/Ref($volume, 1)+1), 30)"
alpha158,qlib_alpha158,a158_cord5,Alpha158_涨跌量相关5日,"Corr($close/Ref($close,1), Log($volume/Ref($volume, 1)+1), 5)"
alpha158,qlib_alpha158,a158_cord60,Alpha158_涨跌量相关60日,"Corr($close/Ref($close,1), Log($volume/Ref($volume, 1)+1), 60)"
alpha158,qlib_alpha158,a158_corr10,Alpha158_价量相关10日,"Corr($close, Log($volume+1), 10)"
alpha158,qlib_alpha158,a158_corr20,Alpha158_价量相关20日,"Corr($close, Log($volume+1), 20)"
alpha158,qlib_alpha158,a158_corr30,Alpha158_价量相关30日,"Corr($close, Log($volume+1), 30)"
alpha158,qlib_alpha158,a158_corr5,Alpha158_价量相关5日,"Corr($close, Log($volume+1), 5)"
alpha158,qlib_alpha158,a158_corr60,Alpha158_价量相关60日,"Corr($close, Log($volume+1), 60)"
alpha158,qlib_alpha158,a158_high0,Alpha158_最高比,$high/$close
alpha158,qlib_alpha158,a158_imax10,Alpha158_最高位置10日,"IdxMax($high, 10)/10"
alpha158,qlib_alpha158,a158_imax20,Alpha158_最高位置20日,"IdxMax($high, 20)/20"
alpha158,qlib_alpha158,a158_imax30,Alpha158_最高位置30日,"IdxMax($high, 30)/30"
alpha158,qlib_alpha158,a158_imax5,Alpha158_最高位置5日,"IdxMax($high, 5)/5"
alpha158,qlib_alpha158,a158_imax60,Alpha158_最高位置60日,"IdxMax($high, 60)/60"
alpha158,qlib_alpha158,a158_imin10,Alpha158_最低位置10日,"IdxMin($low, 10)/10"
alpha158,qlib_alpha158,a158_imin20,Alpha158_最低位置20日,"IdxMin($low, 20)/20"
alpha158,qlib_alpha158,a158_imin30,Alpha158_最低位置30日,"IdxMin($low, 30)/30"
alpha158,qlib_alpha158,a158_imin5,Alpha158_最低位置5日,"IdxMin($low, 5)/5"
alpha158,qlib_alpha158,a158_imin60,Alpha158_最低位置60日,"IdxMin($low, 60)/60"
alpha158,qlib_alpha158,a158_imxd10,Alpha158_极值距离10日,"(IdxMax($high, 10)-IdxMin($low, 10))/10"
alpha158,qlib_alpha158,a158_imxd20,Alpha158_极值距离20日,"(IdxMax($high, 20)-IdxMin($low, 20))/20"
alpha158,qlib_alpha158,a158_imxd30,Alpha158_极值距离30日,"(IdxMax($high, 30)-IdxMin($low, 30))/30"
alpha158,qlib_alpha158,a158_imxd5,Alpha158_极值距离5日,"(IdxMax($high, 5)-IdxMin($low, 5))/5"
alpha158,qlib_alpha158,a158_imxd60,Alpha158_极值距离60日,"(IdxMax($high, 60)-IdxMin($low, 60))/60"
alpha158,qlib_alpha158,a158_klen,Alpha158_K线长度,($high-$low)/$open
alpha158,qlib_alpha158,a158_klow,Alpha158_下影线,"(Less($open, $close)-$low)/$open"
alpha158,qlib_alpha158,a158_klow2,Alpha158_下影线比,"(Less($open, $close)-$low)/($high-$low+1e-12)"
alpha158,qlib_alpha158,a158_kmid,Alpha158_K线中点,($close-$open)/$open
alpha158,qlib_alpha158,a158_kmid2,Alpha158_K线中点比,($close-$open)/($high-$low+1e-12)
alpha158,qlib_alpha158,a158_ksft,Alpha158_K线偏移,(2*$close-$high-$low)/$open
alpha158,qlib_alpha158,a158_ksft2,Alpha158_K线偏移比,(2*$close-$high-$low)/($high-$low+1e-12)
alpha158,qlib_alpha158,a158_kup,Alpha158_上影线,"($high-Greater($open, $close))/$open"
alpha158,qlib_alpha158,a158_kup2,Alpha158_上影线比,"($high-Greater($open, $close))/($high-$low+1e-12)"
alpha158,qlib_alpha158,a158_low0,Alpha158_最低比,$low/$close
alpha158,qlib_alpha158,a158_ma10,Alpha158_均线10日,"Mean($close, 10)/$close"
alpha158,qlib_alpha158,a158_ma20,Alpha158_均线20日,"Mean($close, 20)/$close"
alpha158,qlib_alpha158,a158_ma30,Alpha158_均线30日,"Mean($close, 30)/$close"
alpha158,qlib_alpha158,a158_ma5,Alpha158_均线5日,"Mean($close, 5)/$close"
alpha158,qlib_alpha158,a158_ma60,Alpha158_均线60日,"Mean($close, 60)/$close"
alpha158,qlib_alpha158,a158_max10,Alpha158_最高价10日,"Max($high, 10)/$close"
alpha158,qlib_alpha158,a158_max20,Alpha158_最高价20日,"Max($high, 20)/$close"
alpha158,qlib_alpha158,a158_max30,Alpha158_最高价30日,"Max($high, 30)/$close"
alpha158,qlib_alpha158,a158_max5,Alpha158_最高价5日,"Max($high, 5)/$close"
alpha158,qlib_alpha158,a158_max60,Alpha158_最高价60日,"Max($high, 60)/$close"
alpha158,qlib_alpha158,a158_min10,Alpha158_最低价10日,"Min($low, 10)/$close"
alpha158,qlib_alpha158,a158_min20,Alpha158_最低价20日,"Min($low, 20)/$close"
alpha158,qlib_alpha158,a158_min30,Alpha158_最低价30日,"Min($low, 30)/$close"
alpha158,qlib_alpha158,a158_min5,Alpha158_最低价5日,"Min($low, 5)/$close"
alpha158,qlib_alpha158,a158_min60,Alpha158_最低价60日,"Min($low, 60)/$close"
alpha158,qlib_alpha158,a158_open0,Alpha158_开盘比,$open/$close
alpha158,qlib_alpha158,a158_qtld10,Alpha158_下分位10日,"Quantile($close, 10, 0.2)/$close"
alpha158,qlib_alpha158,a158_qtld20,Alpha158_下分位20日,"Quantile($close, 20, 0.2)/$close"
alpha158,qlib_alpha158,a158_qtld30,Alpha158_下分位30日,"Quantile($close, 30, 0.2)/$close"
alpha158,qlib_alpha158,a158_qtld5,Alpha158_下分位5日,"Quantile($close, 5, 0.2)/$close"
alpha158,qlib_alpha158,a158_qtld60,Alpha158_下分位60日,"Quantile($close, 60, 0.2)/$close"
alpha158,qlib_alpha158,a158_qtlu10,Alpha158_上分位10日,"Quantile($close, 10, 0.8)/$close"
alpha158,qlib_alpha158,a158_qtlu20,Alpha158_上分位20日,"Quantile($close, 20, 0.8)/$close"
alpha158,qlib_alpha158,a158_qtlu30,Alpha158_上分位30日,"Quantile($close, 30, 0.8)/$close"
alpha158,qlib_alpha158,a158_qtlu5,Alpha158_上分位5日,"Quantile($close, 5, 0.8)/$close"
alpha158,qlib_alpha158,a158_qtlu60,Alpha158_上分位60日,"Quantile($close, 60, 0.8)/$close"
alpha158,qlib_alpha158,a158_rank10,Alpha158_时序排名10日,"Rank($close, 10)"
alpha158,qlib_alpha158,a158_rank20,Alpha158_时序排名20日,"Rank($close, 20)"
alpha158,qlib_alpha158,a158_rank30,Alpha158_时序排名30日,"Rank($close, 30)"
alpha158,qlib_alpha158,a158_rank5,Alpha158_时序排名5日,"Rank($close, 5)"
alpha158,qlib_alpha158,a158_rank60,Alpha158_时序排名60日,"Rank($close, 60)"
alpha158,qlib_alpha158,a158_resi10,Alpha158_残差10日,"Resi($close, 10)/$close"
alpha158,qlib_alpha158,a158_resi20,Alpha158_残差20日,"Resi($close, 20)/$close"
alpha158,qlib_alpha158,a158_resi30,Alpha158_残差30日,"Resi($close, 30)/$close"
alpha158,qlib_alpha158,a158_resi5,Alpha158_残差5日,"Resi($close, 5)/$close"
alpha158,qlib_alpha158,a158_resi60,Alpha158_残差60日,"Resi($close, 60)/$close"
alpha158,qlib_alpha158,a158_roc10,Alpha158_ROC10日,"Ref($close, 10)/$close"
alpha158,qlib_alpha158,a158_roc20,Alpha158_ROC20日,"Ref($close, 20)/$close"
alpha158,qlib_alpha158,a158_roc30,Alpha158_ROC30日,"Ref($close, 30)/$close"
alpha158,qlib_alpha158,a158_roc5,Alpha158_ROC5日,"Ref($close, 5)/$close"
alpha158,qlib_alpha158,a158_roc60,Alpha158_ROC60日,"Ref($close, 60)/$close"
alpha158,qlib_alpha158,a158_rsqr10,Alpha158_R方10日,"Rsquare($close, 10)"
alpha158,qlib_alpha158,a158_rsqr20,Alpha158_R方20日,"Rsquare($close, 20)"
alpha158,qlib_alpha158,a158_rsqr30,Alpha158_R方30日,"Rsquare($close, 30)"
alpha158,qlib_alpha158,a158_rsqr5,Alpha158_R方5日,"Rsquare($close, 5)"
alpha158,qlib_alpha158,a158_rsqr60,Alpha158_R方60日,"Rsquare($close, 60)"
alpha158,qlib_alpha158,a158_rsv10,Alpha158_RSV10日,"($close-Min($low, 10))/(Max($high, 10)-Min($low, 10)+1e-12)"
alpha158,qlib_alpha158,a158_rsv20,Alpha158_RSV20日,"($close-Min($low, 20))/(Max($high, 20)-Min($low, 20)+1e-12)"
alpha158,qlib_alpha158,a158_rsv30,Alpha158_RSV30日,"($close-Min($low, 30))/(Max($high, 30)-Min($low, 30)+1e-12)"
alpha158,qlib_alpha158,a158_rsv5,Alpha158_RSV5日,"($close-Min($low, 5))/(Max($high, 5)-Min($low, 5)+1e-12)"
alpha158,qlib_alpha158,a158_rsv60,Alpha158_RSV60日,"($close-Min($low, 60))/(Max($high, 60)-Min($low, 60)+1e-12)"
alpha158,qlib_alpha158,a158_std10,Alpha158_波动率10日,"Std($close, 10)/$close"
alpha158,qlib_alpha158,a158_std20,Alpha158_波动率20日,"Std($close, 20)/$close"
alpha158,qlib_alpha158,a158_std30,Alpha158_波动率30日,"Std($close, 30)/$close"
alpha158,qlib_alpha158,a158_std5,Alpha158_波动率5日,"Std($close, 5)/$close"
alpha158,qlib_alpha158,a158_std60,Alpha158_波动率60日,"Std($close, 60)/$close"
alpha158,qlib_alpha158,a158_sumd10,Alpha158_涨跌幅差10日,"(Sum(Greater($close-Ref($close, 1), 0), 10)-Sum(Greater(Ref($close, 1)-$close, 0), 10))/(Sum(Abs($close-Ref($close, 1)), 10)+1e-12)"
alpha158,qlib_alpha158,a158_sumd20,Alpha158_涨跌幅差20日,"(Sum(Greater($close-Ref($close, 1), 0), 20)-Sum(Greater(Ref($close, 1)-$close, 0), 20))/(Sum(Abs($close-Ref($close, 1)), 20)+1e-12)"
alpha158,qlib_alpha158,a158_sumd30,Alpha158_涨跌幅差30日,"(Sum(Greater($close-Ref($close, 1), 0), 30)-Sum(Greater(Ref($close, 1)-$close, 0), 30))/(Sum(Abs($close-Ref($close, 1)), 30)+1e-12)"
alpha158,qlib_alpha158,a158_sumd5,Alpha158_涨跌幅差5日,"(Sum(Greater($close-Ref($close, 1), 0), 5)-Sum(Greater(Ref($close, 1)-$close, 0), 5))/(Sum(Abs($close-Ref($close, 1)), 5)+1e-12)"
alpha158,qlib_alpha158,a158_sumd60,Alpha158_涨跌幅差60日,"(Sum(Greater($close-Ref($close, 1), 0), 60)-Sum(Greater(Ref($close, 1)-$close, 0), 60))/(Sum(Abs($close-Ref($close, 1)), 60)+1e-12)"
alpha158,qlib_alpha158,a158_sumn10,Alpha158_下跌幅度10日,"Sum(Greater(Ref($close, 1)-$close, 0), 10)/(Sum(Abs($close-Ref($close, 1)), 10)+1e-12)"
alpha158,qlib_alpha158,a158_sumn20,Alpha158_下跌幅度20日,"Sum(Greater(Ref($close, 1)-$close, 0), 20)/(Sum(Abs($close-Ref($close, 1)), 20)+1e-12)"
alpha158,qlib_alpha158,a158_sumn30,Alpha158_下跌幅度30日,"Sum(Greater(Ref($close, 1)-$close, 0), 30)/(Sum(Abs($close-Ref($close, 1)), 30)+1e-12)"
alpha158,qlib_alpha158,a158_sumn5,Alpha158_下跌幅度5日,"Sum(Greater(Ref($close, 1)-$close, 0), 5)/(Sum(Abs($close-Ref($close, 1)), 5)+1e-12)"
alpha158,qlib_alpha158,a158_sumn60,Alpha158_下跌幅度60日,"Sum(Greater(Ref($close, 1)-$close, 0), 60)/(Sum(Abs($close-Ref($close, 1)), 60)+1e-12)"
alpha158,qlib_alpha158,a158_sump10,Alpha158_上涨幅度10日,"Sum(Greater($close-Ref($close, 1), 0), 10)/(Sum(Abs($close-Ref($close, 1)), 10)+1e-12)"
alpha158,qlib_alpha158,a158_sump20,Alpha158_上涨幅度20日,"Sum(Greater($close-Ref($close, 1), 0), 20)/(Sum(Abs($close-Ref($close, 1)), 20)+1e-12)"
alpha158,qlib_alpha158,a158_sump30,Alpha158_上涨幅度30日,"Sum(Greater($close-Ref($close, 1), 0), 30)/(Sum(Abs($close-Ref($close, 1)), 30)+1e-12)"
alpha158,qlib_alpha158,a158_sump5,Alpha158_上涨幅度5日,"Sum(Greater($close-Ref($close, 1), 0), 5)/(Sum(Abs($close-Ref($close, 1)), 5)+1e-12)"
alpha158,qlib_alpha158,a158_sump60,Alpha158_上涨幅度60日,"Sum(Greater($close-Ref($close, 1), 0), 60)/(Sum(Abs($close-Ref($close, 1)), 60)+1e-12)"
alpha158,qlib_alpha158,a158_vma10,Alpha158_量均线10日,"Mean($volume, 10)/($volume+1e-12)"
alpha158,qlib_alpha158,a158_vma20,Alpha158_量均线20日,"Mean($volume, 20)/($volume+1e-12)"
alpha158,qlib_alpha158,a158_vma30,Alpha158_量均线30日,"Mean($volume, 30)/($volume+1e-12)"
alpha158,qlib_alpha158,a158_vma5,Alpha158_量均线5日,"Mean($volume, 5)/($volume+1e-12)"
alpha158,qlib_alpha158,a158_vma60,Alpha158_量均线60日,"Mean($volume, 60)/($volume+1e-12)"
alpha158,qlib_alpha158,a158_vstd10,Alpha158_量波动10日,"Std($volume, 10)/($volume+1e-12)"
alpha158,qlib_alpha158,a158_vstd20,Alpha158_量波动20日,"Std($volume, 20)/($volume+1e-12)"
alpha158,qlib_alpha158,a158_vstd30,Alpha158_量波动30日,"Std($volume, 30)/($volume+1e-12)"
alpha158,qlib_alpha158,a158_vstd5,Alpha158_量波动5日,"Std($volume, 5)/($volume+1e-12)"
alpha158,qlib_alpha158,a158_vstd60,Alpha158_量波动60日,"Std($volume, 60)/($volume+1e-12)"
alpha158,qlib_alpha158,a158_vsumd10,Alpha158_量涨跌差10日,"(Sum(Greater($volume-Ref($volume, 1), 0), 10)-Sum(Greater(Ref($volume, 1)-$volume, 0), 10))/(Sum(Abs($volume-Ref($volume, 1)), 10)+1e-12)"
alpha158,qlib_alpha158,a158_vsumd20,Alpha158_量涨跌差20日,"(Sum(Greater($volume-Ref($volume, 1), 0), 20)-Sum(Greater(Ref($volume, 1)-$volume, 0), 20))/(Sum(Abs($volume-Ref($volume, 1)), 20)+1e-12)"
alpha158,qlib_alpha158,a158_vsumd30,Alpha158_量涨跌差30日,"(Sum(Greater($volume-Ref($volume, 1), 0), 30)-Sum(Greater(Ref($volume, 1)-$volume, 0), 30))/(Sum(Abs($volume-Ref($volume, 1)), 30)+1e-12)"
alpha158,qlib_alpha158,a158_vsumd5,Alpha158_量涨跌差5日,"(Sum(Greater($volume-Ref($volume, 1), 0), 5)-Sum(Greater(Ref($volume, 1)-$volume, 0), 5))/(Sum(Abs($volume-Ref($volume, 1)), 5)+1e-12)"
alpha158,qlib_alpha158,a158_vsumd60,Alpha158_量涨跌差60日,"(Sum(Greater($volume-Ref($volume, 1), 0), 60)-Sum(Greater(Ref($volume, 1)-$volume, 0), 60))/(Sum(Abs($volume-Ref($volume, 1)), 60)+1e-12)"
alpha158,qlib_alpha158,a158_vsumn10,Alpha158_量减比例10日,"Sum(Greater(Ref($volume, 1)-$volume, 0), 10)/(Sum(Abs($volume-Ref($volume, 1)), 10)+1e-12)"
alpha158,qlib_alpha158,a158_vsumn20,Alpha158_量减比例20日,"Sum(Greater(Ref($volume, 1)-$volume, 0), 20)/(Sum(Abs($volume-Ref($volume, 1)), 20)+1e-12)"
alpha158,qlib_alpha158,a158_vsumn30,Alpha158_量减比例30日,"Sum(Greater(Ref($volume, 1)-$volume, 0), 30)/(Sum(Abs($volume-Ref($volume, 1)), 30)+1e-12)"
alpha158,qlib_alpha158,a158_vsumn5,Alpha158_量减比例5日,"Sum(Greater(Ref($volume, 1)-$volume, 0), 5)/(Sum(Abs($volume-Ref($volume, 1)), 5)+1e-12)"
alpha158,qlib_alpha158,a158_vsumn60,Alpha158_量减比例60日,"Sum(Greater(Ref($volume, 1)-$volume, 0), 60)/(Sum(Abs($volume-Ref($volume, 1)), 60)+1e-12)"
alpha158,qlib_alpha158,a158_vsump10,Alpha158_量增比例10日,"Sum(Greater($volume-Ref($volume, 1), 0), 10)/(Sum(Abs($volume-Ref($volume, 1)), 10)+1e-12)"
alpha158,qlib_alpha158,a158_vsump20,Alpha158_量增比例20日,"Sum(Greater($volume-Ref($volume, 1), 0), 20)/(Sum(Abs($volume-Ref($volume, 1)), 20)+1e-12)"
alpha158,qlib_alpha158,a158_vsump30,Alpha158_量增比例30日,"Sum(Greater($volume-Ref($volume, 1), 0), 30)/(Sum(Abs($volume-Ref($volume, 1)), 30)+1e-12)"
alpha158,qlib_alpha158,a158_vsump5,Alpha158_量增比例5日,"Sum(Greater($volume-Ref($volume, 1), 0), 5)/(Sum(Abs($volume-Ref($volume, 1)), 5)+1e-12)"
alpha158,qlib_alpha158,a158_vsump60,Alpha158_量增比例60日,"Sum(Greater($volume-Ref($volume, 1), 0), 60)/(Sum(Abs($volume-Ref($volume, 1)), 60)+1e-12)"
alpha158,qlib_alpha158,a158_vwap0,Alpha158_VWAP比,$vwap/$close
alpha158,qlib_alpha158,a158_wvma10,Alpha158_加权量波动10日,"Std(Abs($close/Ref($close, 1)-1)*$volume, 10)/(Mean(Abs($close/Ref($close, 1)-1)*$volume, 10)+1e-12)"
alpha158,qlib_alpha158,a158_wvma20,Alpha158_加权量波动20日,"Std(Abs($close/Ref($close, 1)-1)*$volume, 20)/(Mean(Abs($close/Ref($close, 1)-1)*$volume, 20)+1e-12)"
alpha158,qlib_alpha158,a158_wvma30,Alpha158_加权量波动30日,"Std(Abs($close/Ref($close, 1)-1)*$volume, 30)/(Mean(Abs($close/Ref($close, 1)-1)*$volume, 30)+1e-12)"
alpha158,qlib_alpha158,a158_wvma5,Alpha158_加权量波动5日,"Std(Abs($close/Ref($close, 1)-1)*$volume, 5)/(Mean(Abs($close/Ref($close, 1)-1)*$volume, 5)+1e-12)"
alpha158,qlib_alpha158,a158_wvma60,Alpha158_加权量波动60日,"Std(Abs($close/Ref($close, 1)-1)*$volume, 60)/(Mean(Abs($close/Ref($close, 1)-1)*$volume, 60)+1e-12)"
alpha_community,alpha_community,ac_amt_impact_decay,成交额冲击衰减,"Mean(Abs($close / Ref($close, 1) - 1) / (Log($close * $volume + 1)), 5) / (Mean(Abs($close / Ref($close, 1) - 1) / (Log($close * $volume + 1)), 20) + 1e-12)"
alpha_community,alpha_community,ac_cov_px_vol_short,短窗量价协方差,"Cov($close, $volume, 10)"
alpha_community,alpha_community,ac_hl_amp_vol_link,振幅与成交量联动,"($high / $low - 1) * ($volume / (Mean($volume, 20) + 1e-12))"
alpha_community,alpha_community,ac_hl_range_position_delta,高低区间位置变化,"($close - Min($low, 20)) / (Max($high, 20) - Min($low, 20) + 1e-12) - Ref(($close - Min($low, 20)) / (Max($high, 20) - Min($low, 20) + 1e-12), 1)"
alpha_community,alpha_community,ac_mom_vol_mix,动量波动联合,"($close / Ref($close, 10) - 1) / (Std($close / Ref($close, 1) - 1, 20) + 1e-12)"
alpha_community,alpha_community,ac_oc_spread_norm,开收盘价差标准化,($open - $close) / ($close + 1e-12)
alpha_community,alpha_community,ac_rankcorr_px_vol,价量秩相关短窗,"Corr(($close - Min($close, 10)) / (Max($close, 10) - Min($close, 10) + 1e-12), ($volume - Min($volume, 10)) / (Max($volume, 10) - Min($volume, 10) + 1e-12), 10)"
alpha_community,alpha_community,ac_ret_skew_roll,滚动收益偏度,"Skew($close / Ref($close, 1) - 1, 20)"
alpha_community,alpha_community,ac_ts_rank_ret_short,短期收益时序排名,"($close / Ref($close, 1) - 1 - Min($close / Ref($close, 1) - 1, 10)) / (Max($close / Ref($close, 1) - 1, 10) - Min($close / Ref($close, 1) - 1, 10) + 1e-12)"
alpha_community,alpha_community,ac_ts_rank_vol_short,短期成交量时序排名,"($volume - Min($volume, 10)) / (Max($volume, 10) - Min($volume, 10) + 1e-12)"
alpha_community,alpha_community,ac_vol_cluster_ratio,波动聚集短中窗比,"Std($close / Ref($close, 1) - 1, 5) / (Std($close / Ref($close, 1) - 1, 20) + 1e-12)"
alpha_community,alpha_community,ac_vwap_bias,VWAP偏离,$close / (($close * $volume) / ($volume + 1e-12)) - 1
cross_section,custom,cs_amp_rank,振幅时序排名,"($high / $low - 1 - Min($high / $low - 1, 20)) / (Max($high / $low - 1, 20) - Min($high / $low - 1, 20) + 1e-12)"
cross_section,custom,cs_close_vs_mean5,收盘偏离5日均值,"($close - Mean($close, 5)) / (Std($close, 5) + 1e-12)"
cross_section,custom,cs_ret5_rank,5日收益时序排名,"($close / Ref($close, 5) - 1 - Min($close / Ref($close, 5) - 1, 20)) / (Max($close / Ref($close, 5) - 1, 20) - Min($close / Ref($close, 5) - 1, 20) + 1e-12)"
cross_section,custom,cs_turnover_rank,换手率时序排名,"($turnover - Min($turnover, 20)) / (Max($turnover, 20) - Min($turnover, 20) + 1e-12)"
cross_section,custom,cs_vol_rank,成交量时序排名,"($volume - Min($volume, 20)) / (Max($volume, 20) - Min($volume, 20) + 1e-12)"
cross_section,custom,cs_volume_trend,成交量趋势斜率,"Slope($volume, 10) / (Mean($volume, 10) + 1e-12)"
custom_basic,custom,cb_indneu_mom_20,行业中性短动量20,"$close / Ref($close, 20) - 1"
custom_basic,custom,cb_indneu_vol_20,行业中性波动20,"Std($close / Ref($close, 1) - 1, 20)"
custom_basic,custom,cb_turn_shock_recover_5_20,换手冲击恢复5_20,"Mean($turnover, 5) / (Mean($turnover, 20) + 1e-12) - 1"
custom_basic,custom,cb_vol_price_asym,缩量涨放量跌不对称,"Mean(If($close > Ref($close, 1), $volume, 0), 20) / (Mean(If($close < Ref($close, 1), $volume, 0), 20) + 1e-12)"
liquidity,custom,liq_amihud_20,Amihud非流动性20日,"Mean(Abs($close / Ref($close, 1) - 1) / (Log($amount + 1)), 20)"
liquidity,custom,liq_amt_concentration,成交额集中度,"Max($amount, 5) / (Sum($amount, 5) + 1e-12)"
liquidity,custom,liq_large_amount_ratio,大额成交占比,"Mean(If($amount > 2 * Mean($amount, 20), $amount, 0), 10) / (Mean($amount, 10) + 1e-12)"
liquidity,custom,liq_turnover_accel,换手率加速,"Mean($turnover, 5) / (Mean($turnover, 20) + 1e-12) - 1"
liquidity,custom,liq_volume_cv_20,成交量变异系数20日,"Std($volume, 20) / (Mean($volume, 20) + 1e-12)"
liquidity,custom,liq_zero_trade_ratio_20,零交易日占比20,"Mean(If($volume < 1, 1, 0), 20)"
microstructure,custom,ms_body_ratio,实体占比,Abs($close - $open) / ($high - $low + 1e-12)
microstructure,custom,ms_gap_fill_speed,跳空回补速度,"Mean(If(($open - Ref($close, 1)) * ($close - $open) < 0, 1, 0), 10)"
microstructure,custom,ms_intraday_pos,日内收盘位置,($close - $low) / ($high - $low + 1e-12)
microstructure,custom,ms_lower_shadow,下影线占比,"(If($open < $close, $open, $close) - $low) / ($high - $low + 1e-12)"
microstructure,custom,ms_open_gap,开盘跳空,"($open - Ref($close, 1)) / (Ref($close, 1) + 1e-12)"
microstructure,custom,ms_upper_shadow,上影线占比,"($high - Greater($open, $close)) / ($high - $low + 1e-12)"
price_volume,custom,pv_corr_ret_vol_10,收益量相关性10日,"Corr($close / Ref($close, 1) - 1, $volume, 10)"
price_volume,custom,pv_obv_slope,OBV斜率10日,"Slope(Sum(If($close > Ref($close, 1), $volume, 0) - If($close < Ref($close, 1), $volume, 0), 1), 10)"
price_volume,custom,pv_price_vol_diverge,量价背离,"($close / Ref($close, 5) - 1) - ($volume / Ref($volume, 5) - 1)"
price_volume,custom,pv_smart_money,聪明资金指标,"Corr($close, Ref($volume, 1), 10)"
price_volume,custom,pv_vol_breakout,成交量突破,"$volume / (Max($volume, 20) + 1e-12)"
price_volume,custom,pv_vol_price_trend,量价趋势相关20日,"Corr(Mean($close, 5), Mean($volume, 5), 20)"
qlib_builtin,qlib_builtin,qb_amp_mean_10,10日振幅均值,"Mean($high / $low - 1, 10)"
qlib_builtin,qlib_builtin,qb_amp_mean_20,20日振幅均值,"Mean($high / $low - 1, 20)"
qlib_builtin,qlib_builtin,qb_amt_trend_20,20日成交额趋势,"Slope(Mean($close * $volume, 1), 20)"
qlib_builtin,qlib_builtin,qb_boll_pos_20,布林带位置20日,"($close - Mean($close, 20)) / (Std($close, 20) + 1e-12)"
qlib_builtin,qlib_builtin,qb_corr_px_vol_20,20日价量相关,"Corr($close, $volume, 20)"
qlib_builtin,qlib_builtin,qb_dist_high_20,相对20日最高价偏离,"$close / Max($high, 20) - 1"
qlib_builtin,qlib_builtin,qb_dist_low_20,相对20日最低价偏离,"$close / Min($low, 20) - 1"
qlib_builtin,qlib_builtin,qb_div_px_vol_20,20日量价背离,"$close / Ref($close, 20) - 1 - (Mean($volume, 5) / Mean($volume, 20) - 1)"
qlib_builtin,qlib_builtin,qb_ma_bias_20,相对20日均线偏离,"$close / Mean($close, 20) - 1"
qlib_builtin,qlib_builtin,qb_ma_bias_60,相对60日均线偏离,"$close / Mean($close, 60) - 1"
qlib_builtin,qlib_builtin,qb_macd_hist,MACD柱值,"EMA($close, 12) - EMA($close, 26) - EMA(EMA($close, 12) - EMA($close, 26), 9)"
qlib_builtin,qlib_builtin,qb_mom_10,10日收益率动量,"$close / Ref($close, 10) - 1"
qlib_builtin,qlib_builtin,qb_mom_20,20日收益率动量,"$close / Ref($close, 20) - 1"
qlib_builtin,qlib_builtin,qb_mom_5,5日收益率动量,"$close / Ref($close, 5) - 1"
qlib_builtin,qlib_builtin,qb_mom_60,60日收益率动量,"$close / Ref($close, 60) - 1"
qlib_builtin,qlib_builtin,qb_rev_20,20日反转,"$close / Ref($close, 20) - 1"
qlib_builtin,qlib_builtin,qb_rev_5,5日反转,"$close / Ref($close, 5) - 1"
qlib_builtin,qlib_builtin,qb_rsi_14,RSI14,"100 - 100 / (1 + Mean(Greater($close - Ref($close, 1), 0), 14) / (Mean(Abs($close - Ref($close, 1)), 14) + 1e-12))"
qlib_builtin,qlib_builtin,qb_turn_mean_20,20日换手率均值,"Mean($turnover, 20)"
qlib_builtin,qlib_builtin,qb_turn_mean_5,5日换手率均值,"Mean($turnover, 5)"
qlib_builtin,qlib_builtin,qb_turn_std_20,20日换手率波动率,"Std($turnover, 20)"
qlib_builtin,qlib_builtin,qb_vol_ret_20,20日收益波动率,"Std($close / Ref($close, 1) - 1, 20)"
qlib_builtin,qlib_builtin,qb_vol_ret_60,60日收益波动率,"Std($close / Ref($close, 1) - 1, 60)"
qlib_builtin,qlib_builtin,qb_volratio_5_20,5日量比相对20日,"Mean($volume, 5) / Mean($volume, 20)"
statistics,custom,stat_consecutive_up,连续上涨天数5日,"Sum(If($close > Ref($close, 1), 1, 0), 5)"
statistics,custom,stat_max_drawdown_10,最大回撤10日,"($close - Max($high, 10)) / (Max($high, 10) + 1e-12)"
statistics,custom,stat_recovery_speed,低点回复速度,"$close / Min($low, 10) - 1"
statistics,custom,stat_ret_autocorr_5,收益率自相关5日,"Corr($close / Ref($close, 1) - 1, Ref($close / Ref($close, 1) - 1, 1), 5)"
statistics,custom,stat_ret_kurt_20,收益率峰度20日,"Kurt($close / Ref($close, 1) - 1, 20)"
statistics,custom,stat_updown_ratio,上涨比率20日,"Mean(If($close > Ref($close, 1), 1, 0), 20)"
wide_cashflow_leverage,wide_table,wide_bps_bias20,每股净资产20日偏离,"($bps - Mean($bps, 20)) / (Std($bps, 20) + 1e-12)"
wide_cashflow_leverage,wide_table,wide_bps_chg20,每股净资产20日变化,"$bps / (Ref($bps, 20) + 1e-12) - 1"
wide_cashflow_leverage,wide_table,wide_bps_chg5,每股净资产5日变化,"$bps / (Ref($bps, 5) + 1e-12) - 1"
wide_cashflow_leverage,wide_table,wide_bps_chg60,每股净资产60日变化,"$bps / (Ref($bps, 60) + 1e-12) - 1"
wide_cashflow_leverage,wide_table,wide_bps_raw,每股净资产(原始),$bps
wide_cashflow_leverage,wide_table,wide_current_ratio_bias20,流动比率20日偏离,"($current_ratio - Mean($current_ratio, 20)) / (Std($current_ratio, 20) + 1e-12)"
wide_cashflow_leverage,wide_table,wide_current_ratio_chg20,流动比率20日变化,"$current_ratio / (Ref($current_ratio, 20) + 1e-12) - 1"
wide_cashflow_leverage,wide_table,wide_current_ratio_chg5,流动比率5日变化,"$current_ratio / (Ref($current_ratio, 5) + 1e-12) - 1"
wide_cashflow_leverage,wide_table,wide_current_ratio_chg60,流动比率60日变化,"$current_ratio / (Ref($current_ratio, 60) + 1e-12) - 1"
wide_cashflow_leverage,wide_table,wide_current_ratio_raw,流动比率(原始),$current_ratio
wide_cashflow_leverage,wide_table,wide_debt_to_assets_bias20,资产负债率20日偏离,"($debt_to_assets - Mean($debt_to_assets, 20)) / (Std($debt_to_assets, 20) + 1e-12)"
wide_cashflow_leverage,wide_table,wide_debt_to_assets_chg20,资产负债率20日变化,"$debt_to_assets / (Ref($debt_to_assets, 20) + 1e-12) - 1"
wide_cashflow_leverage,wide_table,wide_debt_to_assets_chg5,资产负债率5日变化,"$debt_to_assets / (Ref($debt_to_assets, 5) + 1e-12) - 1"
wide_cashflow_leverage,wide_table,wide_debt_to_assets_chg60,资产负债率60日变化,"$debt_to_assets / (Ref($debt_to_assets, 60) + 1e-12) - 1"
wide_cashflow_leverage,wide_table,wide_debt_to_assets_raw,资产负债率(原始),$debt_to_assets
wide_cashflow_leverage,wide_table,wide_eps_bias20,每股收益20日偏离,"($eps - Mean($eps, 20)) / (Std($eps, 20) + 1e-12)"
wide_cashflow_leverage,wide_table,wide_eps_chg20,每股收益20日变化,"$eps / (Ref($eps, 20) + 1e-12) - 1"
wide_cashflow_leverage,wide_table,wide_eps_chg5,每股收益5日变化,"$eps / (Ref($eps, 5) + 1e-12) - 1"
wide_cashflow_leverage,wide_table,wide_eps_chg60,每股收益60日变化,"$eps / (Ref($eps, 60) + 1e-12) - 1"
wide_cashflow_leverage,wide_table,wide_eps_raw,每股收益(原始),$eps
wide_cashflow_leverage,wide_table,wide_ocf_to_or_bias20,经营现金流/营收20日偏离,"($ocf_to_or - Mean($ocf_to_or, 20)) / (Std($ocf_to_or, 20) + 1e-12)"
wide_cashflow_leverage,wide_table,wide_ocf_to_or_chg20,经营现金流/营收20日变化,"$ocf_to_or / (Ref($ocf_to_or, 20) + 1e-12) - 1"
wide_cashflow_leverage,wide_table,wide_ocf_to_or_chg5,经营现金流/营收5日变化,"$ocf_to_or / (Ref($ocf_to_or, 5) + 1e-12) - 1"
wide_cashflow_leverage,wide_table,wide_ocf_to_or_chg60,经营现金流/营收60日变化,"$ocf_to_or / (Ref($ocf_to_or, 60) + 1e-12) - 1"
wide_cashflow_leverage,wide_table,wide_ocf_to_or_raw,经营现金流/营收(原始),$ocf_to_or
wide_cashflow_leverage,wide_table,wide_ocf_to_profit_bias20,经营现金流/利润20日偏离,"($ocf_to_profit - Mean($ocf_to_profit, 20)) / (Std($ocf_to_profit, 20) + 1e-12)"
wide_cashflow_leverage,wide_table,wide_ocf_to_profit_chg20,经营现金流/利润20日变化,"$ocf_to_profit / (Ref($ocf_to_profit, 20) + 1e-12) - 1"
wide_cashflow_leverage,wide_table,wide_ocf_to_profit_chg5,经营现金流/利润5日变化,"$ocf_to_profit / (Ref($ocf_to_profit, 5) + 1e-12) - 1"
wide_cashflow_leverage,wide_table,wide_ocf_to_profit_chg60,经营现金流/利润60日变化,"$ocf_to_profit / (Ref($ocf_to_profit, 60) + 1e-12) - 1"
wide_cashflow_leverage,wide_table,wide_ocf_to_profit_raw,经营现金流/利润(原始),$ocf_to_profit
wide_cashflow_leverage,wide_table,wide_ocfps_bias20,每股经营现金流20日偏离,"($ocfps - Mean($ocfps, 20)) / (Std($ocfps, 20) + 1e-12)"
wide_cashflow_leverage,wide_table,wide_ocfps_chg20,每股经营现金流20日变化,"$ocfps / (Ref($ocfps, 20) + 1e-12) - 1"
wide_cashflow_leverage,wide_table,wide_ocfps_chg5,每股经营现金流5日变化,"$ocfps / (Ref($ocfps, 5) + 1e-12) - 1"
wide_cashflow_leverage,wide_table,wide_ocfps_chg60,每股经营现金流60日变化,"$ocfps / (Ref($ocfps, 60) + 1e-12) - 1"
wide_cashflow_leverage,wide_table,wide_ocfps_raw,每股经营现金流(原始),$ocfps
wide_chip,wide_table,wide_cost_50pct_bias20,50%成本20日偏离,"($cost_50pct - Mean($cost_50pct, 20)) / (Std($cost_50pct, 20) + 1e-12)"
wide_chip,wide_table,wide_cost_50pct_chg20,50%成本20日变化,"$cost_50pct / (Ref($cost_50pct, 20) + 1e-12) - 1"
wide_chip,wide_table,wide_cost_50pct_chg5,50%成本5日变化,"$cost_50pct / (Ref($cost_50pct, 5) + 1e-12) - 1"
wide_chip,wide_table,wide_cost_50pct_chg60,50%成本60日变化,"$cost_50pct / (Ref($cost_50pct, 60) + 1e-12) - 1"
wide_chip,wide_table,wide_cost_50pct_raw,50%成本(原始),$cost_50pct
wide_chip,wide_table,wide_cost_5pct_bias20,5%成本20日偏离,"($cost_5pct - Mean($cost_5pct, 20)) / (Std($cost_5pct, 20) + 1e-12)"
wide_chip,wide_table,wide_cost_5pct_chg20,5%成本20日变化,"$cost_5pct / (Ref($cost_5pct, 20) + 1e-12) - 1"
wide_chip,wide_table,wide_cost_5pct_chg5,5%成本5日变化,"$cost_5pct / (Ref($cost_5pct, 5) + 1e-12) - 1"
wide_chip,wide_table,wide_cost_5pct_chg60,5%成本60日变化,"$cost_5pct / (Ref($cost_5pct, 60) + 1e-12) - 1"
wide_chip,wide_table,wide_cost_5pct_raw,5%成本(原始),$cost_5pct
wide_chip,wide_table,wide_cost_95pct_bias20,95%成本20日偏离,"($cost_95pct - Mean($cost_95pct, 20)) / (Std($cost_95pct, 20) + 1e-12)"
wide_chip,wide_table,wide_cost_95pct_chg20,95%成本20日变化,"$cost_95pct / (Ref($cost_95pct, 20) + 1e-12) - 1"
wide_chip,wide_table,wide_cost_95pct_chg5,95%成本5日变化,"$cost_95pct / (Ref($cost_95pct, 5) + 1e-12) - 1"
wide_chip,wide_table,wide_cost_95pct_chg60,95%成本60日变化,"$cost_95pct / (Ref($cost_95pct, 60) + 1e-12) - 1"
wide_chip,wide_table,wide_cost_95pct_raw,95%成本(原始),$cost_95pct
wide_chip,wide_table,wide_weight_avg_cost_bias20,加权成本20日偏离,"($weight_avg_cost - Mean($weight_avg_cost, 20)) / (Std($weight_avg_cost, 20) + 1e-12)"
wide_chip,wide_table,wide_weight_avg_cost_chg20,加权成本20日变化,"$weight_avg_cost / (Ref($weight_avg_cost, 20) + 1e-12) - 1"
wide_chip,wide_table,wide_weight_avg_cost_chg5,加权成本5日变化,"$weight_avg_cost / (Ref($weight_avg_cost, 5) + 1e-12) - 1"
wide_chip,wide_table,wide_weight_avg_cost_chg60,加权成本60日变化,"$weight_avg_cost / (Ref($weight_avg_cost, 60) + 1e-12) - 1"
wide_chip,wide_table,wide_weight_avg_cost_raw,加权成本(原始),$weight_avg_cost
wide_chip,wide_table,wide_winner_rate_bias20,获利比例20日偏离,"($winner_rate - Mean($winner_rate, 20)) / (Std($winner_rate, 20) + 1e-12)"
wide_chip,wide_table,wide_winner_rate_chg20,获利比例20日变化,"$winner_rate / (Ref($winner_rate, 20) + 1e-12) - 1"
wide_chip,wide_table,wide_winner_rate_chg5,获利比例5日变化,"$winner_rate / (Ref($winner_rate, 5) + 1e-12) - 1"
wide_chip,wide_table,wide_winner_rate_chg60,获利比例60日变化,"$winner_rate / (Ref($winner_rate, 60) + 1e-12) - 1"
wide_chip,wide_table,wide_winner_rate_raw,获利比例(原始),$winner_rate
wide_cross,wide_table,wide_attack_strength,攻击强度,$attack * $strength
wide_cross,wide_table,wide_buy_sell_diff_norm,净买入归一化,($buying - $selling) / ($buying + $selling + 1e-12)
wide_cross,wide_table,wide_buy_sell_ratio,买卖比,$buying / ($selling + 1e-12)
wide_cross,wide_table,wide_buy_sell_trend,资金流趋势,"Mean($buying / ($selling + 1e-12), 5) / (Mean($buying / ($selling + 1e-12), 20) + 1e-12)"
wide_cross,wide_table,wide_cashflow_quality,现金流质量变化,"$ocf_to_profit - Ref($ocf_to_profit, 20)"
wide_cross,wide_table,wide_chip_pressure,筹码压力,($close - $cost_50pct) / ($cost_95pct - $cost_5pct + 1e-12)
wide_cross,wide_table,wide_chip_support,筹码支撑,($close - $cost_5pct) / ($close + 1e-12)
wide_cross,wide_table,wide_cost_converge,筹码集中度,($cost_95pct - $cost_5pct) / ($close + 1e-12)
wide_cross,wide_table,wide_cost_converge_chg,筹码集中度变化,"($cost_95pct - $cost_5pct) / ($close + 1e-12) - Ref(($cost_95pct - $cost_5pct) / ($close + 1e-12), 10)"
wide_cross,wide_table,wide_earning_yield,盈利收益率,1.0 / ($pe_ttm + 1e-12)
wide_cross,wide_table,wide_ep_roe,ROE/PE(盈利质量),$roe / ($pe_ttm + 1e-12)
wide_cross,wide_table,wide_growth_accel,成长加速度,"$q_netprofit_yoy - Ref($q_netprofit_yoy, 60)"
wide_cross,wide_table,wide_margin_trend,毛利率趋势,"$grossprofit_margin - Ref($grossprofit_margin, 60)"
wide_cross,wide_table,wide_momentum_quality,动量*质量,"($close / Ref($close, 20) - 1) * $roe / 100"
wide_cross,wide_table,wide_mv_ratio,流通市值占比,$circ_mv / ($total_mv + 1e-12)
wide_cross,wide_table,wide_pb_roe,ROE/PB(价值偏离),$roe / ($pb + 1e-12)
wide_cross,wide_table,wide_peg,PEG,$pe_ttm / ($netprofit_yoy + 1e-12)
wide_cross,wide_table,wide_ps_growth,PS/营收增速,$ps_ttm / ($or_yoy + 1e-12)
wide_cross,wide_table,wide_quality_score,质量评分(ROE*低杠杆),$roe * (1 - $debt_to_assets / 100)
wide_cross,wide_table,wide_size_ln,对数流通市值,Log($circ_mv + 1)
wide_cross,wide_table,wide_value_momentum,价值动量共振,"(1.0 / ($pe_ttm + 1e-12)) * ($close / Ref($close, 5) - 1)"
wide_cross,wide_table,wide_vol_price_sync,量价相关性10日,"Corr($close, $vol, 10)"
wide_cross,wide_table,wide_vol_swing,振幅量比乘积,$swing * $vol_ratio
wide_cross,wide_table,wide_winner_chg20,获利比例20日变化,"$winner_rate - Ref($winner_rate, 20)"
wide_cross,wide_table,wide_winner_chg5,获利比例5日变化,"$winner_rate - Ref($winner_rate, 5)"
wide_growth,wide_table,wide_basic_eps_yoy_bias20,EPS同比20日偏离,"($basic_eps_yoy - Mean($basic_eps_yoy, 20)) / (Std($basic_eps_yoy, 20) + 1e-12)"
wide_growth,wide_table,wide_basic_eps_yoy_chg20,EPS同比20日变化,"$basic_eps_yoy / (Ref($basic_eps_yoy, 20) + 1e-12) - 1"
wide_growth,wide_table,wide_basic_eps_yoy_chg5,EPS同比5日变化,"$basic_eps_yoy / (Ref($basic_eps_yoy, 5) + 1e-12) - 1"
wide_growth,wide_table,wide_basic_eps_yoy_chg60,EPS同比60日变化,"$basic_eps_yoy / (Ref($basic_eps_yoy, 60) + 1e-12) - 1"
wide_growth,wide_table,wide_basic_eps_yoy_raw,EPS同比(原始),$basic_eps_yoy
wide_growth,wide_table,wide_netprofit_yoy_bias20,净利同比20日偏离,"($netprofit_yoy - Mean($netprofit_yoy, 20)) / (Std($netprofit_yoy, 20) + 1e-12)"
wide_growth,wide_table,wide_netprofit_yoy_chg20,净利同比20日变化,"$netprofit_yoy / (Ref($netprofit_yoy, 20) + 1e-12) - 1"
wide_growth,wide_table,wide_netprofit_yoy_chg5,净利同比5日变化,"$netprofit_yoy / (Ref($netprofit_yoy, 5) + 1e-12) - 1"
wide_growth,wide_table,wide_netprofit_yoy_chg60,净利同比60日变化,"$netprofit_yoy / (Ref($netprofit_yoy, 60) + 1e-12) - 1"
wide_growth,wide_table,wide_netprofit_yoy_raw,净利同比(原始),$netprofit_yoy
wide_growth,wide_table,wide_op_yoy_bias20,营利同比20日偏离,"($op_yoy - Mean($op_yoy, 20)) / (Std($op_yoy, 20) + 1e-12)"
wide_growth,wide_table,wide_op_yoy_chg20,营利同比20日变化,"$op_yoy / (Ref($op_yoy, 20) + 1e-12) - 1"
wide_growth,wide_table,wide_op_yoy_chg5,营利同比5日变化,"$op_yoy / (Ref($op_yoy, 5) + 1e-12) - 1"
wide_growth,wide_table,wide_op_yoy_chg60,营利同比60日变化,"$op_yoy / (Ref($op_yoy, 60) + 1e-12) - 1"
wide_growth,wide_table,wide_op_yoy_raw,营利同比(原始),$op_yoy
wide_growth,wide_table,wide_or_yoy_bias20,营收同比20日偏离,"($or_yoy - Mean($or_yoy, 20)) / (Std($or_yoy, 20) + 1e-12)"
wide_growth,wide_table,wide_or_yoy_chg20,营收同比20日变化,"$or_yoy / (Ref($or_yoy, 20) + 1e-12) - 1"
wide_growth,wide_table,wide_or_yoy_chg5,营收同比5日变化,"$or_yoy / (Ref($or_yoy, 5) + 1e-12) - 1"
wide_growth,wide_table,wide_or_yoy_chg60,营收同比60日变化,"$or_yoy / (Ref($or_yoy, 60) + 1e-12) - 1"
wide_growth,wide_table,wide_or_yoy_raw,营收同比(原始),$or_yoy
wide_growth,wide_table,wide_q_netprofit_yoy_bias20,单季净利同比20日偏离,"($q_netprofit_yoy - Mean($q_netprofit_yoy, 20)) / (Std($q_netprofit_yoy, 20) + 1e-12)"
wide_growth,wide_table,wide_q_netprofit_yoy_chg20,单季净利同比20日变化,"$q_netprofit_yoy / (Ref($q_netprofit_yoy, 20) + 1e-12) - 1"
wide_growth,wide_table,wide_q_netprofit_yoy_chg5,单季净利同比5日变化,"$q_netprofit_yoy / (Ref($q_netprofit_yoy, 5) + 1e-12) - 1"
wide_growth,wide_table,wide_q_netprofit_yoy_chg60,单季净利同比60日变化,"$q_netprofit_yoy / (Ref($q_netprofit_yoy, 60) + 1e-12) - 1"
wide_growth,wide_table,wide_q_netprofit_yoy_raw,单季净利同比(原始),$q_netprofit_yoy
wide_growth,wide_table,wide_q_sales_yoy_bias20,单季营收同比20日偏离,"($q_sales_yoy - Mean($q_sales_yoy, 20)) / (Std($q_sales_yoy, 20) + 1e-12)"
wide_growth,wide_table,wide_q_sales_yoy_chg20,单季营收同比20日变化,"$q_sales_yoy / (Ref($q_sales_yoy, 20) + 1e-12) - 1"
wide_growth,wide_table,wide_q_sales_yoy_chg5,单季营收同比5日变化,"$q_sales_yoy / (Ref($q_sales_yoy, 5) + 1e-12) - 1"
wide_growth,wide_table,wide_q_sales_yoy_chg60,单季营收同比60日变化,"$q_sales_yoy / (Ref($q_sales_yoy, 60) + 1e-12) - 1"
wide_growth,wide_table,wide_q_sales_yoy_raw,单季营收同比(原始),$q_sales_yoy
wide_profitability,wide_table,wide_grossprofit_margin_bias20,毛利率20日偏离,"($grossprofit_margin - Mean($grossprofit_margin, 20)) / (Std($grossprofit_margin, 20) + 1e-12)"
wide_profitability,wide_table,wide_grossprofit_margin_chg20,毛利率20日变化,"$grossprofit_margin / (Ref($grossprofit_margin, 20) + 1e-12) - 1"
wide_profitability,wide_table,wide_grossprofit_margin_chg5,毛利率5日变化,"$grossprofit_margin / (Ref($grossprofit_margin, 5) + 1e-12) - 1"
wide_profitability,wide_table,wide_grossprofit_margin_chg60,毛利率60日变化,"$grossprofit_margin / (Ref($grossprofit_margin, 60) + 1e-12) - 1"
wide_profitability,wide_table,wide_grossprofit_margin_raw,毛利率(原始),$grossprofit_margin
wide_profitability,wide_table,wide_netprofit_margin_bias20,净利率20日偏离,"($netprofit_margin - Mean($netprofit_margin, 20)) / (Std($netprofit_margin, 20) + 1e-12)"
wide_profitability,wide_table,wide_netprofit_margin_chg20,净利率20日变化,"$netprofit_margin / (Ref($netprofit_margin, 20) + 1e-12) - 1"
wide_profitability,wide_table,wide_netprofit_margin_chg5,净利率5日变化,"$netprofit_margin / (Ref($netprofit_margin, 5) + 1e-12) - 1"
wide_profitability,wide_table,wide_netprofit_margin_chg60,净利率60日变化,"$netprofit_margin / (Ref($netprofit_margin, 60) + 1e-12) - 1"
wide_profitability,wide_table,wide_netprofit_margin_raw,净利率(原始),$netprofit_margin
wide_profitability,wide_table,wide_roa_bias20,ROA20日偏离,"($roa - Mean($roa, 20)) / (Std($roa, 20) + 1e-12)"
wide_profitability,wide_table,wide_roa_chg20,ROA20日变化,"$roa / (Ref($roa, 20) + 1e-12) - 1"
wide_profitability,wide_table,wide_roa_chg5,ROA5日变化,"$roa / (Ref($roa, 5) + 1e-12) - 1"
wide_profitability,wide_table,wide_roa_chg60,ROA60日变化,"$roa / (Ref($roa, 60) + 1e-12) - 1"
wide_profitability,wide_table,wide_roa_raw,ROA(原始),$roa
wide_profitability,wide_table,wide_roe_bias20,ROE20日偏离,"($roe - Mean($roe, 20)) / (Std($roe, 20) + 1e-12)"
wide_profitability,wide_table,wide_roe_chg20,ROE20日变化,"$roe / (Ref($roe, 20) + 1e-12) - 1"
wide_profitability,wide_table,wide_roe_chg5,ROE5日变化,"$roe / (Ref($roe, 5) + 1e-12) - 1"
wide_profitability,wide_table,wide_roe_chg60,ROE60日变化,"$roe / (Ref($roe, 60) + 1e-12) - 1"
wide_profitability,wide_table,wide_roe_raw,ROE(原始),$roe
wide_profitability,wide_table,wide_roic_bias20,ROIC20日偏离,"($roic - Mean($roic, 20)) / (Std($roic, 20) + 1e-12)"
wide_profitability,wide_table,wide_roic_chg20,ROIC20日变化,"$roic / (Ref($roic, 20) + 1e-12) - 1"
wide_profitability,wide_table,wide_roic_chg5,ROIC5日变化,"$roic / (Ref($roic, 5) + 1e-12) - 1"
wide_profitability,wide_table,wide_roic_chg60,ROIC60日变化,"$roic / (Ref($roic, 60) + 1e-12) - 1"
wide_profitability,wide_table,wide_roic_raw,ROIC(原始),$roic
wide_quarter,wide_table,wide_q_gsprofit_margin_bias20,单季毛利率20日偏离,"($q_gsprofit_margin - Mean($q_gsprofit_margin, 20)) / (Std($q_gsprofit_margin, 20) + 1e-12)"
wide_quarter,wide_table,wide_q_gsprofit_margin_chg20,单季毛利率20日变化,"$q_gsprofit_margin / (Ref($q_gsprofit_margin, 20) + 1e-12) - 1"
wide_quarter,wide_table,wide_q_gsprofit_margin_chg5,单季毛利率5日变化,"$q_gsprofit_margin / (Ref($q_gsprofit_margin, 5) + 1e-12) - 1"
wide_quarter,wide_table,wide_q_gsprofit_margin_chg60,单季毛利率60日变化,"$q_gsprofit_margin / (Ref($q_gsprofit_margin, 60) + 1e-12) - 1"
wide_quarter,wide_table,wide_q_gsprofit_margin_raw,单季毛利率(原始),$q_gsprofit_margin
wide_quarter,wide_table,wide_q_roe_bias20,单季ROE20日偏离,"($q_roe - Mean($q_roe, 20)) / (Std($q_roe, 20) + 1e-12)"
wide_quarter,wide_table,wide_q_roe_chg20,单季ROE20日变化,"$q_roe / (Ref($q_roe, 20) + 1e-12) - 1"
wide_quarter,wide_table,wide_q_roe_chg5,单季ROE5日变化,"$q_roe / (Ref($q_roe, 5) + 1e-12) - 1"
wide_quarter,wide_table,wide_q_roe_chg60,单季ROE60日变化,"$q_roe / (Ref($q_roe, 60) + 1e-12) - 1"
wide_quarter,wide_table,wide_q_roe_raw,单季ROE(原始),$q_roe
wide_sentiment,wide_table,wide_activity_bias20,活跃度20日偏离,"($activity - Mean($activity, 20)) / (Std($activity, 20) + 1e-12)"
wide_sentiment,wide_table,wide_activity_chg20,活跃度20日变化,"$activity / (Ref($activity, 20) + 1e-12) - 1"
wide_sentiment,wide_table,wide_activity_chg5,活跃度5日变化,"$activity / (Ref($activity, 5) + 1e-12) - 1"
wide_sentiment,wide_table,wide_activity_chg60,活跃度60日变化,"$activity / (Ref($activity, 60) + 1e-12) - 1"
wide_sentiment,wide_table,wide_activity_raw,活跃度(原始),$activity
wide_sentiment,wide_table,wide_attack_bias20,攻击力20日偏离,"($attack - Mean($attack, 20)) / (Std($attack, 20) + 1e-12)"
wide_sentiment,wide_table,wide_attack_chg20,攻击力20日变化,"$attack / (Ref($attack, 20) + 1e-12) - 1"
wide_sentiment,wide_table,wide_attack_chg5,攻击力5日变化,"$attack / (Ref($attack, 5) + 1e-12) - 1"
wide_sentiment,wide_table,wide_attack_chg60,攻击力60日变化,"$attack / (Ref($attack, 60) + 1e-12) - 1"
wide_sentiment,wide_table,wide_attack_raw,攻击力(原始),$attack
wide_sentiment,wide_table,wide_buying_bias20,买盘20日偏离,"($buying - Mean($buying, 20)) / (Std($buying, 20) + 1e-12)"
wide_sentiment,wide_table,wide_buying_chg20,买盘20日变化,"$buying / (Ref($buying, 20) + 1e-12) - 1"
wide_sentiment,wide_table,wide_buying_chg5,买盘5日变化,"$buying / (Ref($buying, 5) + 1e-12) - 1"
wide_sentiment,wide_table,wide_buying_chg60,买盘60日变化,"$buying / (Ref($buying, 60) + 1e-12) - 1"
wide_sentiment,wide_table,wide_buying_raw,买盘(原始),$buying
wide_sentiment,wide_table,wide_selling_bias20,卖盘20日偏离,"($selling - Mean($selling, 20)) / (Std($selling, 20) + 1e-12)"
wide_sentiment,wide_table,wide_selling_chg20,卖盘20日变化,"$selling / (Ref($selling, 20) + 1e-12) - 1"
wide_sentiment,wide_table,wide_selling_chg5,卖盘5日变化,"$selling / (Ref($selling, 5) + 1e-12) - 1"
wide_sentiment,wide_table,wide_selling_chg60,卖盘60日变化,"$selling / (Ref($selling, 60) + 1e-12) - 1"
wide_sentiment,wide_table,wide_selling_raw,卖盘(原始),$selling
wide_sentiment,wide_table,wide_strength_bias20,强弱度20日偏离,"($strength - Mean($strength, 20)) / (Std($strength, 20) + 1e-12)"
wide_sentiment,wide_table,wide_strength_chg20,强弱度20日变化,"$strength / (Ref($strength, 20) + 1e-12) - 1"
wide_sentiment,wide_table,wide_strength_chg5,强弱度5日变化,"$strength / (Ref($strength, 5) + 1e-12) - 1"
wide_sentiment,wide_table,wide_strength_chg60,强弱度60日变化,"$strength / (Ref($strength, 60) + 1e-12) - 1"
wide_sentiment,wide_table,wide_strength_raw,强弱度(原始),$strength
wide_sentiment,wide_table,wide_swing_bias20,振幅20日偏离,"($swing - Mean($swing, 20)) / (Std($swing, 20) + 1e-12)"
wide_sentiment,wide_table,wide_swing_chg20,振幅20日变化,"$swing / (Ref($swing, 20) + 1e-12) - 1"
wide_sentiment,wide_table,wide_swing_chg5,振幅5日变化,"$swing / (Ref($swing, 5) + 1e-12) - 1"
wide_sentiment,wide_table,wide_swing_chg60,振幅60日变化,"$swing / (Ref($swing, 60) + 1e-12) - 1"
wide_sentiment,wide_table,wide_swing_raw,振幅(原始),$swing
wide_sentiment,wide_table,wide_turnover_rate_f_bias20,换手率20日偏离,"($turnover_rate_f - Mean($turnover_rate_f, 20)) / (Std($turnover_rate_f, 20) + 1e-12)"
wide_sentiment,wide_table,wide_turnover_rate_f_chg20,换手率20日变化,"$turnover_rate_f / (Ref($turnover_rate_f, 20) + 1e-12) - 1"
wide_sentiment,wide_table,wide_turnover_rate_f_chg5,换手率5日变化,"$turnover_rate_f / (Ref($turnover_rate_f, 5) + 1e-12) - 1"
wide_sentiment,wide_table,wide_turnover_rate_f_chg60,换手率60日变化,"$turnover_rate_f / (Ref($turnover_rate_f, 60) + 1e-12) - 1"
wide_sentiment,wide_table,wide_turnover_rate_f_raw,换手率(原始),$turnover_rate_f
wide_sentiment,wide_table,wide_vol_ratio_bias20,量比20日偏离,"($vol_ratio - Mean($vol_ratio, 20)) / (Std($vol_ratio, 20) + 1e-12)"
wide_sentiment,wide_table,wide_vol_ratio_chg20,量比20日变化,"$vol_ratio / (Ref($vol_ratio, 20) + 1e-12) - 1"
wide_sentiment,wide_table,wide_vol_ratio_chg5,量比5日变化,"$vol_ratio / (Ref($vol_ratio, 5) + 1e-12) - 1"
wide_sentiment,wide_table,wide_vol_ratio_chg60,量比60日变化,"$vol_ratio / (Ref($vol_ratio, 60) + 1e-12) - 1"
wide_sentiment,wide_table,wide_vol_ratio_raw,量比(原始),$vol_ratio
wide_size,wide_table,wide_circ_mv_bias20,流通市值20日偏离,"($circ_mv - Mean($circ_mv, 20)) / (Std($circ_mv, 20) + 1e-12)"
wide_size,wide_table,wide_circ_mv_chg20,流通市值20日变化,"$circ_mv / (Ref($circ_mv, 20) + 1e-12) - 1"
wide_size,wide_table,wide_circ_mv_chg5,流通市值5日变化,"$circ_mv / (Ref($circ_mv, 5) + 1e-12) - 1"
wide_size,wide_table,wide_circ_mv_chg60,流通市值60日变化,"$circ_mv / (Ref($circ_mv, 60) + 1e-12) - 1"
wide_size,wide_table,wide_circ_mv_raw,流通市值(原始),$circ_mv
wide_size,wide_table,wide_total_mv_bias20,总市值20日偏离,"($total_mv - Mean($total_mv, 20)) / (Std($total_mv, 20) + 1e-12)"
wide_size,wide_table,wide_total_mv_chg20,总市值20日变化,"$total_mv / (Ref($total_mv, 20) + 1e-12) - 1"
wide_size,wide_table,wide_total_mv_chg5,总市值5日变化,"$total_mv / (Ref($total_mv, 5) + 1e-12) - 1"
wide_size,wide_table,wide_total_mv_chg60,总市值60日变化,"$total_mv / (Ref($total_mv, 60) + 1e-12) - 1"
wide_size,wide_table,wide_total_mv_raw,总市值(原始),$total_mv
wide_valuation,wide_table,wide_dv_ttm_bias20,股息率TTM20日偏离,"($dv_ttm - Mean($dv_ttm, 20)) / (Std($dv_ttm, 20) + 1e-12)"
wide_valuation,wide_table,wide_dv_ttm_chg20,股息率TTM20日变化,"$dv_ttm / (Ref($dv_ttm, 20) + 1e-12) - 1"
wide_valuation,wide_table,wide_dv_ttm_chg5,股息率TTM5日变化,"$dv_ttm / (Ref($dv_ttm, 5) + 1e-12) - 1"
wide_valuation,wide_table,wide_dv_ttm_chg60,股息率TTM60日变化,"$dv_ttm / (Ref($dv_ttm, 60) + 1e-12) - 1"
wide_valuation,wide_table,wide_dv_ttm_raw,股息率TTM(原始),$dv_ttm
wide_valuation,wide_table,wide_pb_bias20,市净率20日偏离,"($pb - Mean($pb, 20)) / (Std($pb, 20) + 1e-12)"
wide_valuation,wide_table,wide_pb_chg20,市净率20日变化,"$pb / (Ref($pb, 20) + 1e-12) - 1"
wide_valuation,wide_table,wide_pb_chg5,市净率5日变化,"$pb / (Ref($pb, 5) + 1e-12) - 1"
wide_valuation,wide_table,wide_pb_chg60,市净率60日变化,"$pb / (Ref($pb, 60) + 1e-12) - 1"
wide_valuation,wide_table,wide_pb_raw,市净率(原始),$pb
wide_valuation,wide_table,wide_pe_ttm_bias20,市盈率TTM20日偏离,"($pe_ttm - Mean($pe_ttm, 20)) / (Std($pe_ttm, 20) + 1e-12)"
wide_valuation,wide_table,wide_pe_ttm_chg20,市盈率TTM20日变化,"$pe_ttm / (Ref($pe_ttm, 20) + 1e-12) - 1"
wide_valuation,wide_table,wide_pe_ttm_chg5,市盈率TTM5日变化,"$pe_ttm / (Ref($pe_ttm, 5) + 1e-12) - 1"
wide_valuation,wide_table,wide_pe_ttm_chg60,市盈率TTM60日变化,"$pe_ttm / (Ref($pe_ttm, 60) + 1e-12) - 1"
wide_valuation,wide_table,wide_pe_ttm_raw,市盈率TTM(原始),$pe_ttm
wide_valuation,wide_table,wide_ps_ttm_bias20,市销率TTM20日偏离,"($ps_ttm - Mean($ps_ttm, 20)) / (Std($ps_ttm, 20) + 1e-12)"
wide_valuation,wide_table,wide_ps_ttm_chg20,市销率TTM20日变化,"$ps_ttm / (Ref($ps_ttm, 20) + 1e-12) - 1"
wide_valuation,wide_table,wide_ps_ttm_chg5,市销率TTM5日变化,"$ps_ttm / (Ref($ps_ttm, 5) + 1e-12) - 1"
wide_valuation,wide_table,wide_ps_ttm_chg60,市销率TTM60日变化,"$ps_ttm / (Ref($ps_ttm, 60) + 1e-12) - 1"
wide_valuation,wide_table,wide_ps_ttm_raw,市销率TTM(原始),$ps_ttm
